{"fs":125,"initial_mub":4.0943445622221,"initial_ua":[0,0,0,0,0,0,0,0,0,0,0,0,0,0,0,0,0,0,0,0,0,0,0,0,0,0,0,0,0,0,0,0,0,0,0,0,0,0,0,0,0,0,0,0,0,0,0,0,0,0.2,0.2,0.2,0.2,0.2,0.2,0.2,0.2,0.2,0.2,0.2,0.2,0.2,0.2,0.2,0.2,0.2,0.2,0.2,0.2,0.2,0.2,0.2,0.2,0.2,0.2,0.2,0.2,0.2,0.2,0.2,0.2,0.2,0.2,0.2,0.2,0.2,0.2,0.2,0.2,0.2,0.2,0.2,0.2,0.2,0.2,0.2,0.2,0.2,0.2,0.2,0,0,0,0,0,0,0,0,0,0,0,0,0,0,0,0,0,0,0,0,0,0,0,0,0,0,0,0,0,0,0,0,0,0,0,0,0,0,0,0,0,0,0,0,0,0,0,0,0,0,0,0,0,0,0,0,0,0,0,0,0,0,0,0,0,0,0,0,0,0,0,0,0,0,0,0,0,0,0,0,0,0,0,0,0,0,0,0,0,0,0,0,0,0,0,0,0,0,0,0.6,0.6,0.6,0.6,0.6,0.6,0.6,0.6,0.6,0.6,0.6,0.6,0.6,0.6,0.6,0.6,0.6,0.6,0.6,0.6,0.6,0.6,0.6,0.6,0.6,0.6,0.6,0.6,0.6,0.6,0.6,0.6,0.6,0.6,0.6,0.6,0.6,0.6,0.6,0.6,0.6,0.6,0.6,0.6,0.6,0.6,0.6,0.6,0.6,0.6,0.6,0.6,0.6,0.6,0.6,0.6,0.6,0.6,0.6,0.6,0.6,0.6,0.6,0.6,0.6,0.6,0.6,0.6,0.6,0.6,0.6,0.6,0.6,0.6,0.6,0.6,0.6,0.6,0.6,0.6,0.6,0.6,0.6,0.6,0.6,0.6,0.6,0.6,0.6,0.6,0.6,0.6,0.6,0.6,0.6,0.6,0.6,0.6,0.6,0.6,0.6,0.6,0.6,0.6,0.6,0.6,0.6,0.6,0.6,0.6,0.6,0.6,0.6,0.6,0.6,0.6,0.6,0.6,0.6,0.6,0.6,0,0,0,0,0,0,0,0,0,0,0,0,0,0,0,0,0,0,0,0,0,0,0,0,0,0,0,0,0,0,0,0,0,0,0,0,0,0,0,0,0,0,0,0,0,0,0,0,0,0,0,0,0,0,0,0,0,0,0,0,0,0,0,0,0,0,0,0,0,0,0,0,0,0,0,0,0,0,0,0],"initial_up":[0,0,0,0,0,0,0,0,0,0,0,0,0,0,0,0,0,0,0,100,0,0,0,0,0,0,0,0,0,0,0,0,0,0,0,0,0,0,0,0,0,0,0,0,0,0,0,0,0,0,0,0,0,0,0,0,0,0,0,0,0,0,0,0,0,0,0,0,0,0,0,0,0,0,0,0,0,0,0,0,0,0,0,0,0,0,0,0,0,0,0,0,0,0,0,0,0,0,0,0,0,0,0,0,0,0,0,0,0,0,0,0,0,0,0,0,0,0,0,0,0,0,0,0,0,0,0,0,0,0,0,0,0,0,0,0,0,0,0,0,0,0,0,0,0,0,0,0,0,0,0,0,0,0,0,0,0,0,0,0,0,0,0,0,0,0,0,0,0,0,0,0,0,0,0,0,0,0,0,0,0,0,0,0,0,0,0,0,0,0,0,0,0,0,0,0,0,0,0,0,0,0,0,0,0,0,0,0,0,0,0,0,0,0,0,0,0,0,0,0,0,0,0,0,0,0,0,0,0,0,0,0,0,0,0,0,0,0,0,0,0,0,0,0,0,0,0,0,0,0,0,0,0,0,0,0,0,0,0,0,0,0,0,0,0,0,0,0,0,0,0,0,0,0,0,0,0,0,0,0,0,0,0,0,0,0,0,0,0,0,0,0,0,0,0,0,0,0,0,0,0,0,0,0,0,0,0,0,0,0,0,0,0,0,0,0,0,0,0,0,0,0,0,0,0,0,0,0,0,0,0,0,0,0,0,0,0,0,0,0,0,0,0,0,0,0,0,0,0,0,0,0,0,0,0,0,0,0,0,0,0,0,0,0,0,0,0,0,0,0,0,0,0,0,0,0,0,0,0,0,0,0,0,0,0,0,0,0,0,0,0,0,0,0,0,0,0,0,0,0],"logf0":[4.0943445622221,4.0966903911551968,4.1063437260040425,4.1032358714874428,4.1045463706052487,4.1066657270153284,4.1022299240778706,4.0969447328565467,4.0945449152092239,4.1084103706072383,4.1302542464452152,4.1394415931645714,4.1583683880896842,4.173877329114636,4.1831253224611347,4.1910182732402221,4.1937420414306,4.1930052903122226,4.19681294692829,4.2034853486513128,4.268361763546257,4.3285591734968536,4.3763804987006445,4.423069314430367,4.4723687654891826,4.5179460905839939,4.5626155393117411,4.604687862530489,4.6398135832714056,4.6720613451794026,4.6971002409551241,4.723946831544005,4.7428941595867888,4.7562658588663478,4.7666402556973946,4.7654890343656939,4.7752872231913068,4.7881186232855706,4.7982948970289776,4.8157111473073506,4.8246597493778935,4.8343710975827356,4.8438875251711773,4.8555569525731332,4.8685496818656029,4.8771104172119673,4.88592509348122,4.8941483016125478,4.9052139647662267,4.92011580591555,4.9418828055107413,4.95951388277307,4.9778151125466747,4.9905125831668729,4.99923822486545,5.0096451839802549,5.0276825512039283,5.0407346662230195,5.0547660668544978,5.06649716045326,5.0820544339575369,5.0903114693907323,5.0978631863938846,5.1068838184976721,5.1190379509553843,5.1350054841403674,5.146894693578866,5.1485399990706728,5.1458363701707164,5.1384939581165661,5.1426801869809173,5.1420525576701728,5.1437370490786938,5.1428020841783457,5.1445414390494069,5.1408081172882536,5.130236879984361,5.1146774456877742,5.1040039837977647,5.0940387845246695,5.0845538718234975,5.0825014192888451,5.0807983010315079,5.0788038033485252,5.0825315741175423,5.0797217936696111,5.0786007097151273,5.0791594989008351,5.0760439537271989,5.0721574654926478,5.0615934224577774,5.0463144325404308,5.0332369429580535,5.0245630674228217,5.027231646506733,5.0237145035164037,5.0193363659064305,5.0130790357715025,4.9973483542478911,4.9814300339126092,4.9596383290569923,4.9410224618429046,4.9174103121079211,4.8948300755174348,4.87051395479665,4.8490036293998378,4.8258933277267895,4.8067203191347412,4.7917518043959406,4.784246108844636,4.7738483917888663,4.7529372567473809,4.7303587172628987,4.7164807772106281,4.6984822963938537,4.6866029482122444,4.6756241028899206,4.6711164431091907,4.6564344148137442,4.6422311972173311,4.62413354189939,4.62141706771589,4.62069946384305,4.62372416308185,4.6186276170890128,4.61017968542679,4.6002023211881848,4.5951789047503508,4.5877246509148852,4.5828096977449242,4.5677031480261228,4.5528058441296908,4.536209684281161,4.51532986289194,4.5007689342696615,4.490006398909677,4.4810322716604,4.46746878102919,4.461489477673239,4.4576404711764441,4.4524751255260639,4.4477582853323723,4.4421155565747181,4.4293205542123717,4.4178927435072906,4.4052193261918422,4.391167644971568,4.3755448851924044,4.3617373870321385,4.3430388839717207,4.3340418993148324,4.33024984802786,4.32786666980082,4.3263985229435669,4.322201847694588,4.3239494318157732,4.3248578307371588,4.3225104190153143,4.3267746757372443,4.3287823683511144,4.3274319676608579,4.32487583947778,4.3189984451322179,4.3095676995533321,4.3135895959441024,4.3234142219339535,4.3312778294162966,4.3306414519879128,4.3254791602868323,4.3200738982088032,4.3187595527385394,4.3111073265003039,4.294594846438617,4.2757817586449658,4.2634174611431854,4.25619034088871,4.2530475951281819,4.2503342291982094,4.2492968100971922,4.2465562129672527,4.2484142652689219,4.2438070841822411,4.2424713407337569,4.2377922872340026,4.2329706864590566,4.2319659503069076,4.2358195849703684,4.2336511114478563,4.2374784824768454,4.2429018783234866,4.2461361438072185,4.2471020825365278,4.2462506440244967,4.2436745138726932,4.2412755989764985,4.23913217309971,4.2405534074908395,4.2475429053930531,4.2537515653906226,4.2562597788273369,4.2727128639213525,4.2969600041859461,4.3210011720563264,4.3529589619361859,4.3871232485445431,4.4213519125119891,4.4564969488537214,4.4903919673814663,4.5173511786655176,4.5420457596173822,4.5645895025887286,4.5833577608182434,4.6085980419768866,4.626790825298734,4.6411433036273051,4.6513634577210645,4.6563091747742238,4.6615679475593588,4.666549529977396,4.6790604176270305,4.6889716730120714,4.6931910862410611,4.7047938737603445,4.719865773965779,4.7307093885531435,4.7326474720848868,4.7326797791695592,4.7325594459049913,4.7341886642821427,4.7346821810557014,4.7373882080477072,4.7413912525866264,4.7390569539341989,4.7334678941367168,4.72651584790604,4.71972010001511,4.713980001177231,4.7105621016020276,4.6956120679611182,4.6838150321896137,4.6819585026133135,4.6772648292143177,4.67932054686279,4.6836665289079509,4.6879054973975354,4.692876966813734,4.6906279836784011,4.6896255266076583,4.6968983553061872,4.7034341236568675,4.7090252969497026,4.7104070653444445,4.7117534439317463,4.7141759314259524,4.7181568674034438,4.7196792788541675,4.7199620856306614,4.7291838598244054,4.7259972208568879,4.7334349710661305,4.7401559819701751,4.749085551086516,4.7477854651404519,4.743757990265717,4.7391854985101851,4.737361261464903,4.728428032242,4.7238597665779976,4.7151989627555384,4.7093236891273769,4.7081448110702651,4.7089707810959256,4.7145193445798634,4.7230304107736893,4.7262659778697875,4.7295503878611855,4.7275458007524467,4.7200871788414069,4.7186226794375923,4.7174978321653356,4.7163943713117078,4.7195355803537442,4.7242996811160785,4.7290624182838084,4.7376376870630725,4.7473867135174332,4.7547554715017206,4.7561678764920723,4.753384970471993,4.7556519251465126,4.7492945657833285,4.7437312459297578,4.7304621960372506,4.724835160269178,4.724180032251331,4.723387556803198,4.722191249221213,4.710182169236818,4.7039601744774382,4.6899684393044847,4.6700804408619634,4.6568067743328667,4.6441328659625531,4.6380987283272264,4.638170072255928,4.6434558874585825,4.6456488868800125,4.65051838662486,4.655697676838864,4.6641481411808536,4.6735188391255411,4.6849257382936313,4.6930634582321895,4.6985775898415048,4.7071001100990832,4.7039535302308959,4.6994613186450387,4.6907433327065471,4.6830170770029964,